{"cameraMode":{"drawMode":0,"name":"Shaded","section":"Shading Mode"},"sceneLighting":false,"audioPlay":false,"sceneViewState":{"m_AlwaysRefresh":false,"showFog":true,"showSkybox":false,"showFlares":true,"showImageEffects":true,"showParticleSystems":true,"showVisualEffectGraphs":true,"m_FxEnabled":true},"in2DMode":false,"pivot":{"x":-0.4702765941619873,"y":0.0390000119805336,"z":-3.1510000228881838},"rotation":{"x":0.5576138496398926,"y":0.029881687834858896,"z":-0.020075039938092233,"w":0.8294077515602112},"size":0.24347805976867677,"orthographic":false}